{"cameraMode":{"drawMode":0,"name":"Shaded","section":"Shading Mode"},"sceneLighting":false,"audioPlay":false,"sceneViewState":{"m_AlwaysRefresh":false,"showFog":true,"showSkybox":false,"showFlares":true,"showImageEffects":true,"showParticleSystems":true,"showVisualEffectGraphs":true,"m_FxEnabled":true},"in2DMode":false,"pivot":{"x":0.03481270372867584,"y":1.067488670349121,"z":-0.7569149136543274},"rotation":{"x":-0.11513524502515793,"y":-0.08423297852277756,"z":0.009798054583370686,"w":-0.9897275567054749},"size":1.620185136795044,"orthographic":false}